temperature_C,vibration_mms,fault_status
66.05,0.9,1
64.99,11.37,1
70.87,0.33,1
45.61,4.38,1
87.79,2.94,1
74.31,11.76,1
63.67,5.49,0
44.38,1.54,1
80.61,5.81,0
68.13,7.32,0
74.51,13.07,1
65.33,4.26,0
74.95,0.2,1
72.97,7.15,0
102.68,3.74,1
63.25,5.51,0
59.45,0.55,1
57.08,4.97,0
78.48,4.38,0
62.18,3.33,0
87.75,8.83,1
69.02,6.5,0
68.91,2.27,0
82.88,1.13,1
92.88,7.46,1
37.64,5.84,1
73.28,0.2,1
72.42,0.24,1
50.7,2.99,1
76.76,5.15,0
42.9,1.81,1
79.51,11.21,1
86.56,1.38,1
70.73,6.5,0
68.56,2.63,0
75.61,2.51,0
58.58,9.67,1
75.09,11.78,1
62.34,5.57,0
79.47,5.68,0
74.19,8.59,0
55.03,1.64,1
52.3,9.48,1
74.46,7.16,0
97.61,6.24,1
88.24,12.01,1
87.97,3.61,1
67.77,8.24,0
46.65,9.46,1
80.64,1.05,1
68.42,0.2,1
69.42,2.32,0
43.79,2.94,1
68.29,5.01,0
77.01,4.41,0
60.61,4.46,0
72.14,8.45,0
64.31,5.66,0
66.27,4.52,0
69.08,7.44,0
63.79,3.07,0
76.49,7.27,0
49.34,4.4,1
86.66,8.1,1
78.28,6.58,0
76.26,8.26,0
74.79,10.56,1
65.77,3.91,0
69.07,6.46,0
82.64,2.42,1
37.78,8.01,1
74.93,4.39,0
58.01,4.5,0
101.33,5.39,1
76.65,8.25,0
78.67,4.88,0
88.6,8.65,1
38.2,6.88,1
56.57,1.66,1
77.03,1.05,1
62.86,10.4,1
47.25,4.02,1
73.25,0.2,1
65.31,6.48,0
101.62,7.15,1
95.24,2.0,1
59.84,6.05,0
62.84,7.76,0
49.92,7.23,1
83.04,0.33,1
62.03,7.38,0
69.42,6.62,0
49.91,10.87,1
67.37,4.49,0
65.91,8.34,0
93.14,11.25,1
67.16,3.98,0
80.91,0.2,1
60.14,11.8,1
73.45,3.59,0
61.33,5.58,0
62.6,0.56,1
57.48,1.99,1
77.74,7.84,0
90.47,5.41,1
58.99,5.19,0
53.93,10.21,1
81.15,5.85,0
77.17,5.24,0
65.61,4.28,0
77.15,8.01,0
70.19,10.79,1
77.95,12.96,1
55.59,8.65,1
86.04,8.15,1
83.97,5.46,0
58.52,6.55,0
71.7,4.91,0
57.37,0.56,1
77.14,7.79,0
101.64,7.83,1
98.96,8.8,1
74.27,4.23,0
76.18,2.99,0
64.97,10.37,1
46.93,5.63,1
67.39,5.38,0
100.34,7.14,1
73.9,3.39,0
71.43,6.7,0
36.23,6.22,1
61.99,6.55,0
67.21,12.54,1
99.14,8.3,1
81.77,3.88,0
59.23,3.32,0
76.07,8.15,0
69.24,7.33,0
82.68,4.06,0
62.88,3.84,0
81.42,9.44,1
42.48,6.86,1
52.62,3.13,1
86.8,2.81,1
73.76,5.23,0
74.0,8.28,0
100.2,4.22,1
93.28,10.44,1
73.29,4.22,0
45.41,6.74,1
50.62,8.14,1
82.54,4.54,0
76.36,5.61,0
65.68,6.03,0
50.29,0.74,1
62.98,0.2,1
49.3,8.89,1
75.18,5.62,0
47.39,5.82,1
92.04,7.32,1
41.97,4.88,1
41.97,3.02,1
60.62,6.58,0
84.24,12.8,1
60.41,0.2,1
81.36,6.17,0
102.56,7.59,1
70.86,7.76,0
65.54,5.46,0
62.57,0.2,1
58.72,7.18,0
82.65,11.96,1
61.57,4.55,0
92.5,6.1,1
89.69,6.83,1
82.41,6.38,0
72.7,5.53,0
55.37,2.28,1
64.99,8.26,0
82.14,0.2,1
66.61,8.92,0
58.23,7.15,0
74.97,6.85,0
72.86,7.21,0
71.43,8.34,0
70.17,5.4,0
74.44,0.2,1
83.46,5.27,0
54.95,1.7,1
58.03,0.8,1
78.41,3.07,0
39.56,6.81,1
63.35,1.14,1
74.42,8.73,0
94.6,1.29,1
55.98,0.2,1
83.84,1.31,1
61.12,4.38,0
64.05,10.45,1
61.69,4.07,0
58.99,7.58,0
63.61,7.64,0
65.14,4.06,0
63.09,5.26,0
67.23,11.79,1
76.97,0.2,1
65.78,5.4,0
66.54,8.35,0
69.36,6.32,0
85.34,1.83,1
69.31,3.34,0
59.81,4.7,0
82.95,9.27,1
78.82,8.3,0
47.07,3.95,1
57.42,6.99,0
45.1,4.91,1
84.79,11.0,1
96.83,8.47,1
98.81,8.81,1
48.61,8.85,1
37.09,3.27,1
54.29,9.65,1
71.5,4.02,0
49.51,4.66,1
53.2,8.41,1
45.17,3.53,1
40.2,8.71,1
70.62,13.26,1
87.57,3.04,1
72.62,6.99,0
80.98,4.76,0
80.57,3.68,0
80.71,11.16,1
69.44,4.19,0
57.43,10.65,1
55.7,5.68,0
91.08,0.2,1
47.77,4.84,1
66.72,2.31,0
68.08,6.43,0
62.27,1.6,1
48.25,5.68,1
63.86,0.2,1
88.34,6.73,1
45.76,10.07,1
86.24,0.24,1
96.6,5.32,1
70.17,8.85,0
97.88,6.22,1
42.07,8.6,1
73.44,2.79,0
65.85,3.81,0
79.29,6.98,0
90.95,1.9,1
71.52,4.46,0
62.15,6.05,0
64.86,4.86,0
62.09,6.04,0
56.3,12.02,1
71.25,4.43,0
72.82,10.32,1
65.87,3.88,0
35.2,2.94,1
43.0,6.44,1
60.37,0.67,1
86.57,9.64,1
44.66,5.51,1
81.18,7.8,0
68.83,4.83,0
58.92,0.66,1
71.29,3.18,0
61.59,7.55,0
59.43,3.96,0
77.58,0.2,1
44.99,3.31,1
71.18,6.64,0
79.18,3.85,0
70.7,5.35,0
79.75,3.82,0
42.03,4.44,1
59.68,0.2,1
56.52,4.22,0
69.56,13.39,1
69.35,2.71,0
70.95,4.95,0
56.72,4.32,0
77.01,5.98,0
43.54,3.78,1
61.87,4.69,0
36.73,7.72,1
72.02,10.24,1
60.41,10.62,1
69.18,5.11,0
45.73,6.57,1
54.11,1.9,1
67.15,8.58,0
70.8,6.06,0
83.5,4.56,0
92.47,2.26,1
68.22,3.52,0
97.61,3.11,1
68.91,6.06,0
90.79,3.73,1
81.43,5.57,0
58.94,6.33,0
48.42,9.49,1
74.78,3.73,0
75.81,7.19,0
42.04,8.93,1
55.04,0.37,1
64.43,7.42,0
93.48,9.38,1
67.33,2.51,0
94.02,3.61,1
61.94,4.28,0
90.75,8.93,1
61.94,5.28,0
77.85,0.96,1
87.36,7.68,1
66.33,2.87,0
72.61,6.89,0
78.4,4.69,0
82.04,0.7,1
63.8,10.66,1
54.15,11.89,1
59.55,3.02,0
61.07,0.62,1
98.9,8.44,1
51.7,0.2,1
62.6,6.78,0
47.72,7.83,1
69.82,2.44,0
48.49,1.76,1
44.84,9.66,1
53.26,10.48,1
63.38,3.25,0
65.61,2.91,0
57.31,3.74,0
77.49,1.04,1
99.9,3.33,1
74.65,6.33,0
54.24,0.2,1
87.13,8.71,1
72.51,0.2,1
56.96,4.28,0
76.95,0.2,1
80.56,3.61,0
92.75,2.8,1
76.18,6.57,0
78.87,4.02,0
79.8,3.8,0
77.81,4.95,0
58.14,12.08,1
80.29,7.62,0
44.08,5.56,1
69.36,0.2,1
55.51,6.4,0
95.7,10.31,1
79.6,0.39,1
60.2,4.05,0
67.92,8.66,0
58.56,6.97,0
76.41,10.33,1
70.77,0.2,1
74.42,9.8,1
55.33,10.23,1
79.41,6.65,0
66.82,5.16,0
59.14,5.68,0
85.2,12.63,1
88.39,3.93,1
45.51,7.53,1
46.95,5.68,1
78.15,6.59,0
45.26,10.93,1
77.42,4.31,0
69.82,10.85,1
70.49,11.83,1
73.72,5.98,0
82.51,1.1,1
64.82,6.97,0
71.97,11.52,1
40.91,5.63,1
74.39,5.61,0
91.52,11.92,1
39.88,3.91,1
50.84,11.92,1
48.52,1.03,1
46.24,0.95,1
62.21,2.97,0
91.14,3.42,1
74.29,5.78,0
82.03,1.89,1
79.51,0.2,1
82.97,5.21,0
57.09,7.48,0
41.43,7.35,1
69.33,0.25,1
58.37,0.2,1
48.52,8.71,1
79.95,7.7,0
76.99,5.36,0
75.53,3.52,0
67.07,7.07,0
75.14,5.26,0
61.82,5.08,0
57.51,8.85,1
62.97,0.32,1
75.26,5.96,0
58.93,4.49,0
67.43,7.97,0
48.33,2.77,1
72.95,0.71,1
74.3,2.58,0
64.1,4.07,0
68.23,8.5,0
83.52,9.89,1
74.64,4.77,0
64.35,5.01,0
82.26,5.99,0
49.62,8.61,1
70.24,8.01,0
67.24,3.83,0
78.12,7.96,0
66.61,0.2,1
67.66,10.72,1
68.56,5.59,0
95.28,3.73,1
88.36,0.2,1
84.22,2.24,1
64.27,8.64,0
50.72,8.2,1
73.43,4.68,0
73.12,11.61,1
60.58,2.79,0
77.15,8.31,0
58.56,11.85,1
87.94,7.48,1
49.47,1.13,1
80.92,10.67,1
71.74,0.2,1
39.29,6.23,1
93.78,9.79,1
70.2,3.03,0
85.52,2.23,1
71.54,11.73,1
82.13,6.46,0
67.54,0.81,1
76.13,4.96,0
40.99,4.59,1
58.68,10.67,1
93.09,6.66,1
87.59,0.92,1
72.24,6.46,0
57.69,4.68,0
83.15,0.2,1
68.5,0.2,1
70.05,3.31,0
54.88,11.24,1
80.75,0.47,1
59.06,6.66,0
95.51,6.22,1
83.51,4.23,0
58.06,5.52,0
50.87,2.22,1
80.08,7.11,0
55.56,5.62,0
45.01,0.54,1
64.56,6.31,0
74.41,5.85,0
82.12,7.02,0
72.24,8.05,0
63.56,11.49,1
58.02,4.27,0
66.77,2.95,0
39.77,5.14,1
34.9,7.32,1
62.03,4.53,0
75.49,8.1,0
81.94,6.87,0
73.97,4.69,0
76.69,7.25,0
82.27,3.84,0
59.72,0.2,1
73.51,3.65,0
71.41,10.26,1
37.76,4.21,1
79.21,0.89,1
66.14,8.49,0
66.22,7.21,0
36.42,4.55,1
90.26,11.81,1
49.56,11.54,1
41.61,7.5,1
69.65,7.49,0
92.62,8.13,1
78.96,4.79,0
67.78,5.71,0
71.39,6.92,0
73.65,5.07,0
77.05,9.92,1
57.43,11.48,1
49.25,3.59,1
61.92,5.35,0
77.68,10.53,1
64.07,11.29,1
54.64,2.8,1
61.17,8.28,0
83.18,4.99,0
74.84,11.38,1
56.84,4.58,0
63.45,8.47,0
50.67,3.01,1
82.78,9.03,1
67.63,0.2,1
73.39,4.28,0
76.54,13.32,1
89.97,9.01,1
60.73,2.94,0
83.41,5.82,0
88.87,8.2,1
81.41,6.4,0
75.19,3.78,0
79.01,0.74,1
92.14,5.54,1
86.09,8.12,1
75.74,11.2,1
73.85,5.38,0
99.19,9.69,1
80.2,7.14,0
92.66,6.3,1
74.37,7.53,0
36.99,6.44,1
79.34,4.17,0
90.97,1.21,1
63.16,0.77,1
79.05,7.93,0
60.91,3.1,0
58.16,0.2,1
67.87,0.2,1
43.09,6.47,1
70.06,2.63,0
65.97,5.42,0
82.54,0.2,1
64.33,7.45,0
99.94,2.64,1
74.19,8.24,0
72.1,0.2,1
100.98,6.08,1
71.79,4.16,0
67.3,3.82,0
67.14,9.98,1
68.91,8.76,0
81.47,0.2,1
71.4,8.81,0
66.54,0.2,1
86.4,8.96,1
78.52,3.62,0
79.96,0.2,1
57.33,10.63,1
60.89,5.38,0
75.42,10.97,1
75.41,2.24,0
89.32,8.44,1
69.89,2.73,0
76.71,12.64,1
67.05,0.2,1
66.98,7.01,0
62.69,0.5,1
62.76,3.63,0
61.67,7.11,0
55.26,2.41,1
47.94,3.7,1
85.05,0.3,1
74.83,6.89,0
43.05,1.82,1
92.65,5.42,1
90.91,11.36,1
40.45,5.93,1
76.71,8.24,0
84.6,1.97,1
73.61,11.93,1
77.93,5.33,0
59.68,5.57,0
62.57,5.21,0
43.81,4.94,1
66.77,3.66,0
69.65,0.2,1
77.54,7.03,0
101.86,2.63,1
88.32,9.56,1
59.22,5.87,0
62.64,6.31,0
81.69,12.01,1
82.08,3.84,0
58.34,4.2,0
97.85,1.88,1
45.44,4.25,1
62.73,8.6,0
65.69,11.36,1
96.37,4.46,1
60.01,4.69,0
66.62,10.4,1
63.6,3.66,0
77.02,8.44,0
45.6,6.57,1
45.84,9.8,1
91.22,0.53,1
80.75,4.46,0
70.84,0.2,1
58.74,10.99,1
71.38,0.2,1
47.23,4.98,1
65.41,3.63,0
73.21,3.31,0
66.3,4.45,0
65.0,0.2,1
95.02,2.74,1
92.16,5.95,1
74.11,5.65,0
46.31,8.77,1
84.83,0.2,1
69.82,3.27,0
71.05,7.23,0
88.24,0.41,1
91.74,0.2,1
73.57,7.68,0
86.15,8.35,1
59.84,9.42,1
65.07,3.63,0
70.83,6.23,0
80.08,10.98,1
63.32,8.05,0
57.71,6.95,0
61.23,2.92,0
96.44,7.05,1
69.07,7.46,0
64.55,2.77,0
59.88,6.6,0
61.84,5.94,0
89.23,8.95,1
60.98,5.62,0
52.25,0.2,1
57.38,5.96,0
64.69,6.64,0
81.04,5.77,0
73.24,3.91,0
97.08,4.51,1
59.8,7.79,0
71.06,2.55,0
75.43,5.23,0
56.38,4.73,0
84.48,2.39,1
45.93,11.03,1
88.19,3.95,1
95.4,2.97,1
61.05,0.2,1
71.7,1.03,1
70.55,7.5,0
60.83,4.42,0
87.84,8.93,1
74.75,3.03,0
64.15,3.73,0
57.42,0.75,1
78.89,11.97,1
82.56,0.2,1
65.43,2.92,0
83.77,10.25,1
77.46,10.68,1
61.23,8.37,0
76.97,4.25,0
70.92,4.1,0
84.17,4.93,0
71.55,10.69,1
71.3,0.2,1
70.17,8.57,0
89.12,1.91,1
62.13,4.87,0
51.04,5.35,1
84.27,6.46,0
78.0,2.92,0
65.82,3.79,0
63.34,0.28,1
54.74,11.35,1
86.24,11.64,1
48.15,4.34,1
60.45,3.45,0
88.9,0.2,1
71.56,6.09,0
69.07,11.0,1
74.0,5.2,0
79.01,6.64,0
73.22,7.62,0
70.05,10.71,1
79.41,3.47,0
60.92,7.35,0
77.16,7.87,0
82.86,4.94,0
55.07,0.2,1
50.24,11.37,1
71.96,0.87,1
101.1,4.36,1
92.45,7.49,1
54.85,0.2,1
83.55,6.11,0
66.37,3.31,0
75.48,6.15,0
65.12,5.15,0
82.53,4.2,0
59.5,11.12,1
62.05,4.25,0
68.43,8.17,0
76.61,5.65,0
74.15,3.41,0
92.73,8.46,1
56.74,5.22,0
90.33,3.86,1
79.69,8.11,0
80.29,6.59,0
66.19,4.99,0
75.02,7.71,0
54.83,12.16,1
81.28,6.75,0
67.65,4.75,0
75.47,5.19,0
74.21,0.2,1
58.77,3.7,0
96.6,5.29,1
72.39,8.27,0
88.2,4.15,1
49.52,6.65,1
49.53,7.22,1
58.89,7.68,0
79.1,4.06,0
79.09,5.38,0
61.64,10.65,1
74.72,3.84,0
97.67,6.88,1
78.29,3.01,0
80.82,6.85,0
54.91,5.78,0
64.21,7.88,0
63.55,5.65,0
75.15,7.35,0
68.25,7.83,0
57.19,1.61,1
80.39,5.7,0
61.83,6.11,0
81.25,6.48,0
89.48,4.1,1
65.11,6.76,0
75.04,5.37,0
46.12,2.05,1
74.67,4.22,0
76.44,8.43,0
62.94,5.59,0
65.36,6.92,0
65.65,6.99,0
95.27,8.24,1
72.39,1.22,1
56.45,4.76,0
67.06,2.51,0
43.24,6.89,1
87.06,1.03,1
62.18,8.14,0
59.68,10.41,1
45.23,1.65,1
67.67,7.95,0
99.92,7.39,1
96.75,8.51,1
74.41,7.18,0
83.29,6.39,0
50.98,3.65,1
54.1,1.23,1
67.49,10.27,1
61.43,4.41,0
93.75,1.24,1
101.51,7.41,1
89.75,0.2,1
83.29,4.86,0
63.27,3.17,0
58.76,3.17,0
55.3,5.95,0
81.9,3.95,0
69.74,2.72,0
79.68,7.51,0
73.26,5.77,0
45.22,10.6,1
59.58,7.95,0
55.52,5.82,0
94.06,6.91,1
94.88,7.97,1
80.97,7.75,0
88.78,9.71,1
53.26,2.5,1
67.35,2.21,0
72.69,7.59,0
83.55,6.15,0
46.4,8.14,1
58.26,6.13,0
56.67,9.19,1
64.33,2.9,0
97.35,7.74,1
52.11,9.16,1
59.36,7.46,0
50.99,0.2,1
81.53,5.65,0
61.24,5.63,0
74.26,8.09,0
75.76,13.51,1
57.76,3.73,0
81.54,9.3,1
64.91,0.2,1
60.49,4.37,0
44.37,4.41,1
48.2,9.57,1
53.01,7.23,1
61.68,4.38,0
82.31,10.18,1
62.37,4.15,0
59.51,10.45,1
83.48,5.45,0
57.91,7.21,0
99.24,1.49,1
74.77,5.75,0
71.07,0.71,1
49.57,9.0,1
42.9,2.91,1
69.25,0.2,1
77.0,3.05,0
36.89,7.85,1
73.99,8.47,0
37.52,5.38,1
96.14,1.07,1
71.23,7.94,0
63.94,2.46,0
74.53,6.34,0
46.11,1.06,1
70.25,4.82,0
47.61,8.45,1
68.96,5.45,0
60.34,0.2,1
57.74,3.71,0
78.55,6.0,0
63.93,5.32,0
73.25,2.2,0
72.71,6.58,0
68.44,6.27,0
50.47,4.68,1
65.01,11.72,1
79.69,4.63,0
91.85,9.53,1
62.86,5.76,0
71.95,12.26,1
103.24,4.89,1
51.56,3.86,1
69.3,11.14,1
42.58,8.53,1
57.86,4.01,0
63.72,4.82,0
79.72,5.79,0
54.85,11.52,1
59.13,4.28,0
58.0,6.14,0
75.29,11.74,1
78.53,7.55,0
60.69,0.2,1
88.39,4.0,1
52.43,1.72,1
80.79,5.61,0
43.31,3.29,1
81.62,6.93,0
68.85,11.25,1
95.73,2.62,1
77.96,12.12,1
94.87,8.6,1
56.64,0.2,1
71.79,2.42,0
91.86,6.86,1
47.59,4.5,1
57.79,9.48,1
93.42,2.53,1
63.62,3.89,0
58.96,0.2,1
48.56,10.02,1
66.99,10.53,1
74.56,0.2,1
54.81,11.5,1
60.55,0.2,1
51.61,9.34,1
71.03,7.08,0
75.34,3.52,0
101.85,4.35,1
84.9,10.63,1
97.76,3.31,1
73.83,8.55,0
96.89,7.88,1
50.32,12.02,1
75.65,5.35,0
61.76,4.04,0
62.98,0.2,1
78.88,2.72,0
47.06,0.2,1
78.68,5.2,0
77.46,4.67,0
74.76,8.53,0
55.49,9.12,1
82.34,6.4,0
50.72,3.87,1
95.64,4.72,1
69.27,4.22,0
102.58,7.88,1
83.28,0.99,1
77.15,4.87,0
37.52,3.26,1
47.11,5.14,1
78.2,5.16,0
66.43,7.23,0
74.3,0.2,1
67.42,7.83,0
58.5,7.27,0
62.65,7.25,0
59.46,0.57,1
73.13,10.79,1
101.66,5.91,1
94.65,2.1,1
70.92,1.96,0
71.35,10.34,1
65.98,7.84,0
74.86,3.82,0
69.31,6.37,0
69.59,7.12,0
77.26,6.33,0
67.3,7.95,0
67.84,12.39,1
74.29,3.67,0
63.18,1.49,1
65.02,7.35,0
55.7,0.24,1
50.34,4.22,1
72.99,3.7,0
82.96,4.01,0
65.33,0.2,1
55.66,0.2,1
60.24,6.74,0
82.68,4.02,0
52.54,3.03,1
56.29,8.28,1
36.75,4.57,1
77.78,5.85,0
76.57,7.88,0
75.73,4.23,0
44.2,4.82,1
70.88,10.39,1
100.43,6.22,1
57.28,12.37,1
45.76,6.54,1
73.8,3.89,0
76.43,3.87,0
66.22,3.47,0
72.3,4.08,0
83.02,7.06,0
43.81,9.23,1
63.25,4.93,0
88.4,6.36,1
49.62,0.38,1
99.76,6.56,1
92.77,9.07,1
87.74,1.37,1
83.6,5.21,0
79.93,4.14,0
95.79,7.66,1
55.36,0.2,1
67.48,4.06,0
58.14,5.69,0
80.66,0.2,1
98.67,1.11,1
70.75,2.81,0
67.39,6.9,0
78.81,7.57,0
68.3,2.31,0
68.35,6.32,0
47.15,9.83,1
74.97,7.82,0
87.47,9.44,1
75.06,3.22,0
69.74,4.93,0
65.21,6.33,0
75.49,3.37,0
87.42,7.91,1
56.47,6.36,0
60.15,4.19,0
60.1,1.34,1
92.54,0.31,1
73.51,5.45,0
52.71,3.13,1
102.95,6.53,1
71.93,2.3,0
100.21,7.87,1
65.2,0.2,1
54.25,8.89,1
65.68,0.2,1
76.48,2.86,0
52.18,10.44,1
76.47,2.5,0
79.31,1.0,1
61.03,12.93,1
92.83,9.32,1
74.71,7.13,0
55.79,11.99,1
45.94,5.04,1
55.03,0.76,1
76.43,0.2,1
94.89,6.46,1
75.29,6.28,0
62.16,0.2,1
81.53,0.2,1
75.81,8.07,0
60.71,6.35,0
56.29,1.75,1
77.36,7.62,0
85.93,10.72,1
66.92,4.8,0
76.28,2.95,0
44.38,5.66,1
67.34,6.73,0
90.14,9.36,1
75.95,8.62,0
46.52,3.57,1
64.38,6.8,0
63.84,5.37,0
65.4,10.95,1
66.35,3.3,0
69.87,7.75,0
61.75,6.58,0
91.48,3.0,1
91.67,1.47,1
68.58,7.51,0
67.75,1.21,1
63.27,3.9,0
75.42,3.12,0
73.36,7.42,0
42.53,2.08,1
42.68,4.3,1
63.82,0.2,1
69.88,0.46,1
77.66,6.15,0
58.46,7.85,0
43.22,6.27,1
66.33,0.2,1
54.01,10.44,1
74.77,0.2,1
56.17,8.69,1
69.98,4.07,0
79.72,6.08,0
63.49,7.59,0
69.4,7.88,0
81.9,5.85,0
52.59,10.32,1
65.48,4.37,0
65.96,9.9,1
68.08,7.16,0
67.44,7.96,0
61.92,0.2,1
71.0,3.0,0
83.6,0.2,1
85.73,9.66,1
55.3,12.85,1
42.81,8.19,1
64.04,0.2,1
58.78,0.2,1
71.45,3.71,0
47.48,5.09,1
67.67,8.25,0
82.0,5.0,0
89.54,6.47,1
58.09,5.47,0
78.33,2.45,0
61.6,5.89,0
50.02,8.83,1
74.35,6.11,0
71.87,3.0,0
59.11,0.2,1
55.12,6.23,0
96.43,6.81,1
60.29,4.68,0
83.18,5.4,0
72.07,7.36,0
78.17,12.63,1
62.2,7.45,0
93.04,6.56,1
80.96,5.54,0
39.36,4.02,1
51.32,9.41,1
70.87,7.65,0
58.84,5.85,0
79.21,6.75,0
73.06,3.35,0
99.51,5.32,1
80.64,6.06,0
95.69,3.71,1
69.62,4.82,0
66.26,7.34,0
70.26,6.99,0
55.44,6.19,0
67.97,13.16,1
76.37,8.4,0
65.76,3.12,0
39.67,7.0,1
68.77,2.86,0
51.04,9.73,1
58.3,10.03,1
46.82,4.59,1
77.73,0.84,1
72.95,5.68,0
87.42,10.58,1
46.03,2.54,1
61.35,5.24,0
62.05,11.57,1
61.97,8.29,0
74.5,4.45,0
67.53,8.45,0
71.12,0.2,1
72.05,7.45,0
78.54,5.68,0
71.74,7.66,0
63.74,8.45,0
45.99,1.35,1
83.25,4.69,0
46.0,6.86,1
63.07,3.99,0
75.19,6.33,0
63.39,3.73,0
55.85,4.56,0
82.18,5.71,0
48.08,7.72,1
84.5,6.39,0
75.66,7.48,0
40.61,9.12,1
51.59,2.24,1
43.05,9.31,1
75.41,0.2,1
47.15,6.78,1
78.88,4.68,0
79.47,5.02,0
49.85,6.63,1
88.79,5.38,1
88.25,11.85,1
74.2,0.2,1
72.21,13.11,1
56.42,9.1,1
83.11,5.71,0
84.57,11.68,1
83.37,0.2,1
73.75,6.15,0
63.89,6.24,0
59.32,8.05,0
70.9,5.14,0
93.8,4.48,1
68.45,3.2,0
80.99,5.95,0
38.33,6.66,1
84.31,9.29,1
95.03,3.97,1
56.86,0.2,1
77.1,6.33,0
78.59,7.65,0
65.44,6.89,0
69.12,10.22,1
60.42,7.74,0
57.12,0.2,1
66.45,3.06,0
84.12,5.85,0
44.66,7.36,1
79.37,3.44,0
69.56,8.03,0
48.62,8.55,1
60.67,6.28,0
82.52,0.86,1
73.13,2.9,0
81.9,4.31,0
47.56,2.22,1
77.28,10.02,1
81.27,4.36,0
51.99,11.73,1
68.55,3.49,0
66.88,5.46,0
49.95,9.38,1
75.31,6.68,0
71.61,8.98,0
61.17,6.26,0
60.03,3.67,0
62.6,2.83,0
83.67,10.58,1
90.78,3.05,1
98.7,2.87,1
79.58,2.94,0
71.56,4.24,0
49.26,5.71,1
69.48,2.49,0
53.74,9.05,1
100.96,7.35,1
78.34,3.82,0
78.45,7.94,0
63.52,11.87,1
79.62,7.98,0
99.33,3.53,1
51.52,3.41,1
57.52,7.24,0
71.61,3.66,0
81.36,13.13,1
52.45,1.64,1
55.97,4.31,0
82.93,6.27,0
63.89,11.77,1
78.85,0.2,1
57.33,6.94,0
66.76,0.2,1
72.62,4.62,0
89.05,3.6,1
67.99,11.45,1
38.83,5.0,1
94.89,2.5,1
42.98,3.68,1
52.73,1.96,1
75.66,5.72,0
71.85,2.94,0
49.37,8.37,1
78.22,6.47,0
74.96,4.76,0
66.91,0.2,1
75.52,2.92,0
70.76,8.53,0
71.93,6.2,0
43.5,7.12,1
74.22,6.62,0
94.44,6.54,1
48.29,2.64,1
59.47,5.16,0
71.23,6.46,0
73.49,8.03,0
72.95,2.37,0
77.94,3.05,0
51.75,6.38,1
45.82,1.35,1
69.63,3.39,0
92.69,3.95,1
70.77,2.93,0
96.25,8.1,1
69.97,0.73,1
66.76,8.28,0
56.73,0.2,1
67.57,2.3,0
67.73,4.8,0
70.72,3.24,0
73.01,2.53,0
96.42,8.85,1
90.06,11.51,1
81.13,3.86,0
87.95,8.64,1
77.94,2.78,0
77.82,9.64,1
61.04,3.39,0
66.99,4.43,0
58.41,7.71,0
74.5,11.61,1
58.32,7.23,0
64.16,4.25,0
69.44,11.69,1
58.15,4.06,0
56.29,12.85,1
56.91,11.19,1
93.93,4.21,1
97.83,3.42,1
68.4,8.29,0
65.36,7.66,0
81.85,12.58,1
76.52,3.59,0
57.93,6.27,0
91.98,7.04,1
48.12,9.31,1
59.66,7.7,0
76.22,5.7,0
57.98,7.18,0
64.02,2.32,0
82.83,7.25,0
76.92,6.16,0
79.78,3.23,0
66.45,2.24,0
81.81,10.88,1
94.12,5.43,1
74.26,4.06,0
63.03,3.56,0
69.2,8.35,0
65.52,0.64,1
85.33,9.42,1
84.44,1.88,1
68.39,5.47,0
101.42,8.48,1
77.72,8.29,0
81.33,3.91,0
94.66,3.31,1
60.68,4.56,0
40.28,7.05,1
69.7,5.99,0
43.31,7.41,1
74.47,10.49,1
77.77,2.89,0
44.41,3.1,1
77.36,7.94,0
55.72,5.17,0
39.33,2.91,1
60.91,7.22,0
75.31,2.35,0
93.12,5.16,1
39.76,1.48,1
80.91,5.94,0
66.43,7.94,0
68.5,4.65,0
72.5,3.63,0
75.93,3.05,0
63.09,10.02,1
51.09,0.65,1
79.46,5.14,0
79.76,10.82,1
80.85,7.13,0
46.48,10.03,1
63.0,0.2,1
72.98,5.78,0
59.45,9.6,1
64.58,0.96,1
50.83,5.23,1
69.45,4.97,0
75.6,5.8,0
81.25,4.32,0
46.55,6.99,1
60.71,1.11,1
68.65,7.01,0
60.57,4.45,0
60.91,7.71,0
71.92,7.65,0
79.71,6.14,0
36.14,3.98,1
66.31,0.2,1
81.13,12.89,1
81.72,7.56,0
80.05,0.2,1
78.65,6.72,0
68.72,12.63,1
56.84,9.25,1
72.27,6.43,0
87.01,10.25,1
71.96,12.82,1
65.33,7.63,0
78.51,6.26,0
63.85,2.94,0
51.28,10.03,1
72.61,1.15,1
55.3,6.2,0
101.15,3.99,1
62.78,2.94,0
77.27,3.37,0
40.19,7.43,1
64.68,11.38,1
67.38,2.75,0
76.21,7.22,0
55.0,12.48,1
78.59,7.31,0
42.12,5.06,1
80.26,5.19,0
46.0,4.39,1
59.6,1.33,1
75.72,6.08,0
74.43,7.38,0
37.02,6.19,1
42.04,9.52,1
65.9,4.16,0
50.05,0.2,1
68.17,0.2,1
80.37,3.59,0
88.37,8.5,1
49.27,3.8,1
67.89,4.06,0
50.65,10.11,1
89.07,2.19,1
53.15,8.55,1
48.92,4.82,1
79.33,6.6,0
51.02,1.29,1
51.28,2.47,1
47.04,9.33,1
62.08,0.2,1
37.1,7.38,1
78.48,3.85,0
61.73,4.12,0
62.2,6.5,0
71.78,2.44,0
70.0,0.2,1
92.09,4.28,1
70.26,11.01,1
76.17,2.2,0
44.09,7.38,1
69.89,6.22,0
53.66,9.96,1
68.44,3.48,0
81.62,7.69,0
42.01,10.14,1
78.98,4.44,0
63.21,5.33,0
60.32,9.64,1
63.66,4.62,0
62.85,4.23,0
41.2,7.09,1
96.22,4.92,1
76.52,6.11,0
66.99,8.85,0
44.61,6.23,1
67.02,7.3,0
88.5,10.8,1
81.11,5.72,0
69.05,0.41,1
75.66,8.04,0
81.92,3.75,0
60.34,0.2,1
59.8,6.18,0
69.92,5.0,0
57.56,2.49,1
59.75,4.51,0
35.9,5.61,1
60.91,7.25,0
74.32,8.43,0
72.42,8.93,0
77.7,3.4,0
88.39,10.67,1
47.73,1.19,1
84.37,11.36,1
100.38,2.14,1
65.55,8.69,0
70.02,3.41,0
37.1,4.04,1
52.12,0.34,1
72.99,3.8,0
57.93,9.55,1
57.49,4.8,0
97.45,0.68,1
56.94,0.2,1
67.27,3.2,0
81.16,0.2,1
82.35,4.51,0
70.4,7.75,0
66.32,5.49,0
74.45,2.15,0
98.69,10.33,1
68.26,2.1,0
57.56,6.72,0
48.44,3.58,1
40.99,9.08,1
40.12,3.54,1
97.75,3.66,1
63.29,11.73,1
73.8,13.21,1
39.27,7.52,1
86.64,2.8,1
76.03,5.2,0
52.2,8.71,1
78.22,11.74,1
88.03,11.12,1
47.79,1.06,1
38.65,2.43,1
82.94,5.05,0
64.59,7.38,0
72.62,4.02,0
73.11,0.46,1
66.79,2.7,0
57.86,6.05,0
63.56,8.25,0
71.46,8.4,0
81.05,3.89,0
104.28,6.32,1
95.73,9.09,1
83.01,4.65,0
39.72,7.58,1
93.5,4.35,1
76.59,9.56,1
65.67,4.86,0
71.6,5.63,0
62.51,1.55,1
48.33,6.83,1
71.08,5.83,0
60.99,4.83,0
92.78,10.26,1
99.05,0.89,1
71.11,8.69,0
77.62,6.12,0
83.47,4.34,0
64.99,3.06,0
97.94,2.16,1
61.67,0.2,1
72.26,4.74,0
60.61,7.04,0
94.63,10.28,1
71.25,3.45,0
94.02,2.52,1
91.6,2.66,1
84.18,5.18,0
74.7,8.25,0
66.23,2.64,0
60.1,3.85,0
85.82,8.68,1
63.21,10.99,1
73.19,8.67,0
79.54,6.61,0
72.78,0.2,1
69.56,0.2,1
50.74,0.81,1
74.69,8.94,0
59.98,5.39,0
56.75,6.38,0
74.14,2.93,0
73.43,3.29,0
79.19,10.05,1
39.47,2.1,1
67.3,8.43,0
78.95,10.21,1
83.32,9.83,1
34.64,5.95,1
57.55,9.16,1
74.57,4.86,0
78.95,4.39,0
56.43,3.93,0
71.43,7.58,0
76.43,0.2,1
84.69,2.34,1
60.97,6.7,0
76.22,8.34,0
80.27,5.82,0
84.27,5.41,0
91.86,3.82,1
75.74,10.93,1
87.61,6.86,1
68.91,4.18,0
71.72,6.6,0
49.63,5.7,1
60.07,3.91,0
77.99,2.58,0
89.15,11.65,1
80.69,5.58,0
65.68,6.2,0
67.51,7.21,0
70.21,6.15,0
93.23,8.52,1
81.96,12.75,1
68.69,7.0,0
44.89,3.23,1
82.05,9.19,1
58.74,3.49,0
81.46,9.96,1
84.98,0.2,1
76.89,6.48,0
69.26,5.08,0
98.62,9.75,1
72.7,5.1,0
40.62,4.06,1
94.8,7.74,1
102.36,2.58,1
94.97,6.27,1
69.98,0.32,1
72.87,5.41,0
79.12,11.79,1
48.34,3.7,1
93.05,5.64,1
95.8,8.0,1
72.38,3.8,0
70.1,6.67,0
54.38,9.43,1
61.94,12.76,1
51.74,0.2,1
53.94,11.43,1
59.49,4.13,0
83.71,10.37,1
60.54,4.22,0
48.98,8.04,1
47.62,4.25,1
46.46,3.52,1
68.78,0.2,1
53.99,10.49,1
81.47,5.63,0
80.09,0.2,1
52.27,3.53,1
47.07,3.33,1
81.57,9.53,1
57.65,5.95,0
70.88,5.68,0
74.59,4.64,0
66.8,0.2,1
73.98,7.2,0
58.94,3.34,0
84.74,8.33,1
64.18,0.2,1
77.47,3.45,0
49.11,1.62,1
65.01,4.7,0
50.2,6.11,1
70.51,0.2,1
74.43,6.68,0
52.28,2.59,1
60.4,7.77,0
82.27,10.41,1
76.79,2.68,0
66.72,5.43,0
42.3,8.78,1
100.9,7.05,1
58.05,0.2,1
75.49,4.4,0
75.42,0.2,1
47.66,1.06,1
93.76,0.2,1
76.75,0.2,1
82.89,8.84,1
64.62,0.2,1
62.89,6.06,0
46.44,8.47,1
69.39,6.66,0
72.12,0.2,1
79.54,7.63,0
95.27,4.38,1
58.18,6.61,0
62.09,5.49,0
39.58,1.55,1
66.15,6.13,0
69.82,8.79,0
93.25,1.82,1
95.57,9.55,1
53.22,0.2,1
65.44,8.85,0
102.95,6.65,1
51.37,3.02,1
59.95,3.27,0
76.95,7.72,0
65.6,2.27,0
79.4,4.18,0
73.48,4.18,0
82.4,6.23,0
44.29,7.13,1
62.67,3.99,0
82.22,7.45,0
54.05,0.2,1
67.68,2.6,0
62.45,3.13,0
64.31,4.58,0
59.6,12.24,1
60.87,2.97,0
72.22,2.66,0
66.18,3.04,0
50.44,4.21,1
80.91,3.13,0
73.65,2.73,0
59.53,4.1,0
39.25,6.13,1
80.15,4.53,0
76.27,5.89,0
64.81,7.02,0
43.8,3.85,1
66.21,8.38,0
63.18,0.2,1
76.83,0.2,1
61.53,3.5,0
66.12,6.55,0
86.43,8.47,1
67.72,3.65,0
72.38,5.33,0
46.11,8.67,1
51.71,1.59,1
83.4,4.81,0
76.02,4.94,0
74.51,6.15,0
52.27,0.2,1
48.19,0.2,1
71.32,1.89,0
73.31,0.2,1
58.57,5.51,0
64.46,3.75,0
98.26,0.55,1
81.55,3.56,0
87.87,12.01,1
47.17,0.2,1
76.44,4.75,0
55.22,8.74,1
80.36,4.84,0
69.33,5.14,0
64.46,7.74,0
46.45,10.86,1
72.6,2.34,0
61.96,5.56,0
87.43,8.51,1
62.87,3.84,0
64.34,12.28,1
58.27,10.07,1
70.7,3.64,0
68.39,6.79,0
64.87,5.83,0
92.67,0.88,1
67.63,4.3,0
85.68,2.42,1
70.86,4.78,0
80.23,10.07,1
78.47,1.33,1
78.24,12.21,1
68.16,6.1,0
63.99,11.14,1
60.99,5.64,0
75.74,7.31,0
87.16,12.4,1
66.67,8.63,0
49.89,6.62,1
63.2,7.24,0
79.05,7.48,0
68.6,10.32,1
69.52,0.2,1
60.69,6.83,0
80.21,0.47,1
52.15,7.46,1
86.08,0.2,1
58.78,5.49,0
42.42,9.89,1
76.8,7.83,0
95.24,0.2,1
58.89,4.79,0
53.42,10.9,1
83.46,4.91,0
71.85,10.4,1
50.6,4.01,1
65.57,3.16,0
82.47,7.14,0
84.61,12.81,1
78.95,6.47,0
56.44,4.63,0
67.59,2.95,0
68.22,6.05,0
56.18,1.38,1
91.63,6.07,1
51.05,7.05,1
64.81,7.8,0
89.42,8.27,1
62.27,0.67,1
75.69,4.04,0
83.22,0.2,1
57.96,6.31,0
67.01,0.67,1
56.16,9.09,1
97.1,3.7,1
72.09,3.6,0
62.39,7.95,0
89.84,9.51,1
90.91,8.43,1
65.28,6.16,0
61.99,0.2,1
96.07,6.05,1
64.79,2.63,0
94.36,10.37,1
51.26,8.2,1
72.43,5.55,0
62.42,0.2,1
84.3,1.24,1
79.56,13.16,1
87.93,3.54,1
58.29,5.85,0
76.02,6.53,0
65.41,7.68,0
52.33,3.13,1
58.04,6.0,0
48.47,9.12,1
78.79,3.91,0
70.1,8.5,0
90.43,1.1,1
88.48,7.09,1
65.9,7.67,0
72.28,3.74,0
66.11,4.96,0
95.39,6.52,1
55.58,6.47,0
60.71,1.17,1
79.65,12.13,1
93.83,5.37,1
73.94,6.2,0
64.31,13.04,1
76.98,2.27,0
66.59,10.2,1
80.06,0.2,1
69.73,2.26,0
77.29,0.74,1
63.97,0.2,1
55.54,5.1,0
75.48,6.55,0
69.92,0.2,1
69.52,3.54,0
77.67,6.76,0
74.49,3.59,0
57.93,6.71,0
63.22,12.53,1
67.09,4.91,0
92.75,10.33,1
65.02,4.94,0
78.13,7.65,0
38.43,5.36,1
48.95,3.25,1
80.37,11.22,1
69.74,6.03,0
52.52,0.2,1
77.73,2.95,0
74.82,6.35,0
58.8,4.71,0
60.33,4.17,0
88.7,1.54,1
53.27,0.87,1
80.79,1.81,1
76.9,5.64,0
47.68,9.79,1
69.6,4.49,0
62.52,11.2,1
60.2,3.68,0
80.74,3.61,0
65.37,0.2,1
69.1,12.06,1
48.16,4.91,1
70.2,6.86,0
57.93,6.2,0
82.05,0.83,1
59.4,0.42,1
44.34,11.22,1
78.47,3.22,0
43.96,4.79,1
70.01,2.06,0
70.92,3.13,0
72.57,10.44,1
64.17,11.18,1
68.81,2.88,0
43.91,4.55,1
77.18,8.45,0
95.37,3.02,1
71.04,5.18,0
80.17,0.2,1
80.33,3.88,0
79.69,5.79,0
75.95,8.29,0
99.07,5.0,1
87.05,8.1,1
53.2,1.11,1
89.01,8.74,1
61.32,12.85,1
93.57,9.86,1
83.01,7.04,0
42.69,5.92,1
76.13,3.61,0
84.8,0.2,1
99.17,5.5,1
70.19,2.93,0
57.73,0.2,1
59.51,6.53,0
46.01,4.18,1
65.56,0.22,1
63.09,5.17,0
72.1,8.52,0
81.06,5.72,0
80.84,6.4,0
50.81,7.24,1
64.55,3.43,0
79.24,0.2,1
44.27,2.87,1
97.22,3.18,1
74.58,0.62,1
88.88,7.13,1
88.47,5.08,1
62.75,7.45,0
92.37,7.91,1
66.66,0.2,1
77.72,8.45,0
76.3,2.52,0
92.51,1.72,1
84.01,0.2,1
58.47,3.41,0
60.93,5.0,0
63.42,3.83,0
80.4,6.24,0
84.26,0.52,1
74.75,8.04,0
54.71,0.2,1
77.31,6.46,0
73.82,6.42,0
81.13,10.56,1
69.94,4.7,0
73.65,4.78,0
64.24,8.39,0
83.14,7.18,0
66.85,8.19,0
71.74,2.25,0
68.63,6.72,0
68.14,6.91,0
49.89,4.44,1
67.73,8.94,0
87.84,8.98,1
66.17,2.17,0
75.34,5.16,0
89.55,11.83,1
57.96,5.9,0
77.35,9.88,1
74.71,7.9,0
72.06,0.2,1
65.18,3.46,0
66.59,2.32,0
67.6,3.28,0
76.82,7.61,0
59.53,4.07,0
68.09,0.2,1
59.0,0.97,1
67.65,5.88,0
68.46,12.97,1
74.27,10.99,1
67.53,4.64,0
63.9,10.5,1
61.04,6.79,0
75.63,7.7,0
56.98,4.78,0
84.44,10.9,1
79.17,3.24,0
74.62,3.99,0
91.34,8.5,1
43.09,5.77,1
69.87,12.46,1
74.7,4.66,0
58.12,12.46,1
59.78,12.05,1
87.11,9.49,1
96.45,7.27,1
61.09,7.43,0
46.0,4.22,1
50.25,5.91,1
82.2,0.2,1
74.86,13.58,1
66.0,5.2,0
81.8,2.02,1
91.0,6.74,1
91.2,0.42,1
74.22,5.57,0
78.13,6.66,0
38.56,5.38,1
54.3,10.56,1
58.31,12.16,1
73.54,7.81,0
63.78,5.18,0
82.29,6.31,0
58.24,5.27,0
58.78,0.2,1
95.64,5.32,1
73.3,3.56,0
61.8,5.75,0
63.97,4.97,0
67.84,0.2,1
70.49,3.9,0
79.52,3.68,0
74.64,6.88,0
83.34,4.3,0
79.6,6.78,0
45.78,1.08,1
103.55,4.69,1
42.01,7.79,1
97.6,2.44,1
80.16,3.87,0
75.17,6.2,0
64.21,4.69,0
71.15,6.54,0
73.76,2.74,0
68.0,3.43,0
73.13,5.78,0
61.53,8.18,0
88.27,5.67,1
78.46,4.07,0
72.03,3.88,0
64.3,5.84,0
80.63,9.14,1
74.67,3.71,0
78.36,11.99,1
76.0,8.4,0
41.71,4.8,1
79.33,5.36,0
67.58,3.38,0
79.99,2.96,0
89.08,1.36,1
52.5,0.2,1
74.74,5.58,0
75.7,3.91,0
58.19,1.0,1
61.45,5.02,0
83.74,4.49,0
79.24,6.72,0
66.92,6.62,0
77.57,7.93,0
88.23,7.24,1
65.36,0.2,1
82.03,7.57,0
68.23,6.34,0
65.72,12.78,1
73.66,5.95,0
69.37,10.67,1
79.01,0.4,1
48.9,3.95,1
73.59,5.11,0
58.28,4.51,0
74.41,6.06,0
65.36,10.15,1
84.62,5.22,0
81.96,5.84,0
81.44,9.63,1
71.7,0.2,1
68.19,11.75,1
73.54,10.9,1
75.82,4.76,0
74.55,5.54,0
93.84,6.62,1
97.8,5.98,1
72.02,6.41,0
47.99,9.82,1
62.66,4.65,0
64.72,5.56,0
89.37,8.48,1
73.38,4.05,0
82.52,0.58,1
52.32,11.12,1
77.8,10.58,1
58.37,11.38,1
52.02,10.37,1
55.7,4.4,0
97.29,7.54,1
87.88,3.42,1
75.39,5.42,0
62.12,4.22,0
71.63,6.41,0
46.7,5.02,1
60.8,1.34,1
58.09,7.3,0
74.17,6.02,0
82.33,7.17,0
39.17,6.27,1
83.55,5.07,0
63.53,9.57,1
69.74,3.23,0
64.4,3.63,0
73.34,6.76,0
58.3,5.4,0
51.59,0.9,1
79.44,6.23,0
48.84,3.97,1
67.85,6.05,0
61.46,0.2,1
78.85,7.38,0
53.3,1.63,1
81.52,0.41,1
67.37,0.2,1
51.41,2.06,1
69.76,3.04,0
56.74,4.63,0
70.71,12.21,1
57.22,6.24,0
87.95,3.33,1
46.68,4.02,1
79.65,12.61,1
44.77,0.54,1
88.92,9.89,1
71.12,10.98,1
89.69,11.29,1
58.66,7.02,0
89.2,6.12,1
38.63,7.9,1
86.53,0.2,1
50.25,1.28,1
70.23,4.83,0
40.17,8.4,1
47.97,8.02,1
85.97,0.2,1
70.07,8.25,0
75.34,4.97,0
78.8,3.51,0
70.62,2.13,0
79.72,6.26,0
64.07,5.08,0
66.24,4.58,0
79.89,4.01,0
81.55,4.85,0
79.63,3.46,0
64.87,6.26,0
75.44,2.83,0
68.93,2.47,0
64.2,5.04,0
90.94,0.2,1
92.54,10.61,1
78.32,13.15,1
82.43,6.43,0
45.04,4.66,1
79.49,7.66,0
46.43,3.25,1
68.09,4.76,0
76.18,0.2,1
80.93,10.44,1
60.4,13.03,1
66.26,3.71,0
75.34,3.09,0
72.82,8.15,0
83.8,9.45,1
70.23,5.45,0
44.65,11.07,1
50.08,11.64,1
83.33,6.69,0
86.5,2.76,1
66.64,5.92,0
98.12,3.85,1
71.14,10.5,1
77.61,3.39,0
64.81,5.76,0
54.31,8.2,1
64.39,5.02,0
84.17,6.0,0
79.33,3.86,0
63.54,3.51,0
39.88,8.21,1
58.67,3.28,0
99.81,2.09,1
83.12,4.53,0
80.98,0.63,1
84.25,5.68,0
102.6,2.24,1
75.35,6.25,0
89.95,7.99,1
81.23,6.99,0
74.29,7.89,0
59.16,4.48,0
75.27,2.53,0
64.49,0.2,1
68.13,11.24,1
69.09,7.67,0
38.17,3.27,1
76.59,6.78,0
77.6,6.35,0
68.72,8.71,0
63.71,11.63,1
89.77,4.3,1
59.07,4.34,0
58.67,12.1,1
76.66,12.53,1
76.67,3.93,0
66.2,1.2,1
65.67,3.99,0
61.3,4.06,0
53.02,9.85,1
46.53,1.12,1
54.88,12.37,1
84.36,8.52,1
63.61,0.2,1
100.48,6.03,1
61.99,10.07,1
74.42,5.86,0
69.4,5.22,0
79.46,2.89,0
74.42,5.92,0
77.6,0.2,1
36.53,7.64,1
49.83,5.37,1
75.78,0.81,1
86.8,10.78,1
61.25,6.79,0
67.94,7.66,0
62.46,4.53,0
60.51,2.98,0
81.84,5.28,0
83.16,6.72,0
60.94,3.56,0
92.69,0.2,1
66.97,4.86,0
66.52,0.2,1
43.88,8.03,1
45.21,5.54,1
59.22,3.75,0
61.35,6.95,0
76.88,2.68,0
97.12,7.34,1
61.13,1.33,1
42.4,1.91,1
93.88,2.05,1
68.28,4.83,0
85.96,10.73,1
83.2,12.87,1
69.18,6.29,0
77.95,7.37,0
69.41,6.58,0
73.43,10.11,1
83.73,4.57,0
63.27,10.89,1
67.95,4.89,0
67.0,10.04,1
72.68,6.36,0
99.13,2.24,1
84.62,11.14,1
53.39,8.73,1
72.48,7.16,0
77.48,1.26,1
76.64,3.74,0
70.29,8.44,0
79.7,4.27,0
76.69,5.23,0
68.82,8.0,0
81.59,7.51,0
77.11,2.74,0
59.1,2.11,1
53.02,2.35,1
44.3,6.34,1
65.29,6.1,0
76.9,5.44,0
65.19,6.45,0
73.17,10.3,1
55.05,0.85,1
84.08,4.71,0
41.86,0.41,1
65.2,5.32,0
67.39,0.2,1
86.85,9.41,1
61.09,5.51,0
81.1,10.76,1
91.83,7.51,1
54.83,0.78,1
67.15,4.82,0
56.37,6.12,0
43.92,1.75,1
70.34,4.83,0
82.43,5.64,0
60.98,2.7,0
87.24,7.67,1
73.96,5.17,0
89.28,5.03,1
56.39,0.36,1
77.46,5.47,0
83.57,5.11,0
69.52,5.19,0
49.12,4.5,1
48.56,2.58,1
60.26,2.97,0
61.49,4.96,0
69.94,8.4,0
83.83,5.74,0
43.44,1.19,1
87.34,9.77,1
45.0,5.23,1
69.74,7.72,0
72.96,11.68,1
101.58,6.51,1
63.75,7.55,0
44.23,5.56,1
55.59,5.46,0
56.8,12.07,1
39.26,9.48,1
99.49,4.83,1
66.2,11.2,1
49.11,0.75,1
71.62,0.2,1
84.35,8.54,1
42.34,6.87,1
62.75,6.83,0
89.06,0.58,1
58.22,3.56,0
74.96,1.01,1
67.12,8.04,0
84.33,6.43,0
91.33,8.65,1
80.74,9.79,1
50.25,6.67,1
77.72,2.78,0
52.17,7.65,1
93.63,0.82,1
58.88,5.09,0
77.54,11.41,1
96.28,7.69,1
61.03,2.98,0
80.75,2.89,0
65.56,7.43,0
64.5,8.43,0
40.27,5.34,1
76.0,5.64,0
68.13,9.64,1
61.09,0.2,1
69.32,13.13,1
57.79,7.11,0
99.93,6.79,1
66.65,0.61,1
76.82,8.43,0
97.8,6.37,1
44.21,1.96,1
93.77,7.25,1
46.07,5.31,1
96.09,11.09,1
72.56,0.2,1
68.91,8.24,0
37.63,7.54,1
42.1,3.18,1
75.46,5.51,0
60.18,7.33,0
34.67,5.64,1
75.6,7.42,0
66.38,11.72,1
70.06,3.63,0
72.57,4.02,0
88.92,9.82,1
78.98,3.33,0
79.72,6.81,0
84.65,6.33,0
58.83,3.6,0
79.88,5.28,0
74.86,2.68,0
82.36,12.57,1
54.3,8.29,1
91.99,4.79,1
71.44,5.04,0
68.56,4.02,0
72.99,6.15,0
64.42,8.24,0
79.95,6.24,0
62.01,3.74,0
68.45,2.97,0
86.82,2.64,1
75.72,7.49,0
45.05,9.47,1
46.08,6.31,1
75.79,11.44,1
100.53,9.26,1
60.22,4.56,0
65.01,7.24,0
82.42,6.05,0
57.96,6.07,0
73.43,12.76,1
53.98,11.22,1
77.84,7.98,0
81.36,3.64,0
71.67,5.41,0
82.66,12.6,1
57.57,12.91,1
96.73,7.61,1
66.14,5.71,0
78.67,5.84,0
63.15,0.2,1
80.96,11.76,1
57.92,6.01,0
63.35,4.41,0
64.23,4.03,0
77.57,0.9,1
63.87,1.29,1
50.45,4.27,1
60.78,6.2,0
39.5,6.27,1
57.17,5.59,0
99.66,5.27,1
58.06,4.14,0
56.65,12.29,1
78.86,10.11,1
81.55,4.28,0
51.87,7.9,1
48.85,3.45,1
63.12,10.19,1
93.08,1.44,1
61.46,7.7,0
74.78,6.25,0
70.09,6.69,0
89.56,7.78,1
100.53,9.4,1
73.63,12.37,1
66.16,6.83,0
59.26,7.23,0
47.45,7.75,1
60.61,4.45,0
64.38,0.2,1
60.78,10.31,1
67.92,6.45,0
61.98,3.15,0
78.21,11.22,1
80.32,7.18,0
51.89,10.14,1
78.96,8.3,0
36.43,7.22,1
60.38,10.65,1
92.43,7.31,1
88.67,11.92,1
69.5,2.91,0
63.93,0.2,1
78.74,5.93,0
59.17,6.61,0
76.9,5.91,0
76.35,2.57,0
78.95,3.54,0
72.99,7.48,0
77.1,3.98,0
72.18,6.65,0
70.76,10.22,1
82.31,0.2,1
79.39,4.81,0
60.61,5.21,0
56.11,10.34,1
69.05,6.1,0
81.15,1.13,1
56.68,6.86,0
76.52,6.46,0
93.14,6.17,1
74.7,3.58,0
96.56,0.73,1
80.37,13.0,1
80.56,0.2,1
59.44,6.52,0
81.04,0.2,1
61.75,4.47,0
62.56,6.99,0
63.78,6.1,0
56.37,5.85,0
84.28,5.49,0
78.88,3.65,0
93.7,4.96,1
101.28,3.02,1
76.31,10.46,1
46.58,0.2,1
62.47,11.03,1
72.98,1.0,1
77.99,13.11,1
78.54,5.18,0
44.28,3.37,1
56.71,11.01,1
83.02,4.61,0
73.89,8.78,0
62.87,8.29,0
70.0,4.73,0
70.47,0.2,1
87.68,10.48,1
92.58,6.7,1
59.12,0.63,1
46.04,6.14,1
57.01,6.95,0
66.41,0.2,1
51.6,1.03,1
69.49,10.09,1
47.45,8.66,1
37.32,3.89,1
65.89,10.53,1
72.24,4.61,0
89.7,8.37,1
63.4,3.68,0
72.29,8.48,0
54.42,0.2,1
68.97,3.03,0
74.79,4.96,0
76.66,3.69,0
84.26,1.98,1
64.48,10.29,1
43.54,4.71,1
65.92,6.59,0
82.72,6.67,0
58.77,4.53,0
45.6,6.86,1
90.25,3.08,1
67.87,6.86,0
53.16,0.2,1
47.39,7.21,1
60.14,7.97,0
75.99,10.99,1
60.47,4.59,0
53.8,6.75,1
64.26,4.55,0
96.2,5.53,1
74.05,7.65,0
62.28,3.14,0
72.97,2.12,0
89.32,7.15,1
95.55,2.3,1
75.7,3.65,0
67.92,8.2,0
68.7,0.2,1
75.59,2.51,0
38.39,6.27,1
96.15,9.82,1
56.71,0.2,1
89.14,0.79,1
89.57,2.96,1
44.26,6.75,1
65.83,8.03,0
75.0,6.68,0
63.05,10.14,1
50.53,9.31,1
100.33,3.79,1
76.87,4.43,0
66.64,7.91,0
58.09,4.89,0
46.32,1.48,1
51.72,1.6,1
71.17,10.37,1
53.55,9.73,1
66.02,8.77,0
72.44,8.77,0
